{
    "root_group": {
        "checks": {},
        "name": "",
        "path": "",
        "id": "d41d8cd98f00b204e9800998ecf8427e",
        "groups": {
                "1_login": {
                    "name": "1_login",
                    "path": "::1_login",
                    "id": "4a5d8a589579f3377a057d3340e8e319",
                    "groups": {},
                    "checks": {
                            "login: status 200": {
                                "path": "::1_login::login: status 200",
                                "id": "1d63e56f0c13ac8a5683ed8bb7f5939b",
                                "passes": 0,
                                "fails": 3134,
                                "name": "login: status 200"
                            }
                        }
                }
            }
    },
    "metrics": {
        "iterations": {
            "count": 3134,
            "rate": 103.98565001666282
        },
        "browse_duration": {
            "avg": 0,
            "min": 0,
            "med": 0,
            "max": 0,
            "p(90)": 0,
            "p(95)": 0,
            "thresholds": {
                "p(95)<1000": false
            }
        },
        "ws_connect_duration": {
            "med": 0,
            "max": 0,
            "p(90)": 0,
            "p(95)": 0,
            "avg": 0,
            "min": 0,
            "thresholds": {
                "p(95)<3000": false
            }
        },
        "state_transitions": {
            "count": 3134,
            "rate": 103.98565001666282
        },
        "search_duration": {
            "avg": 0,
            "min": 0,
            "med": 0,
            "max": 0,
            "p(90)": 0,
            "p(95)": 0,
            "thresholds": {
                "p(95)<1000": false
            }
        },
        "data_sent": {
            "count": 623780,
            "rate": 20696.926856220143
        },
        "http_req_waiting": {
            "avg": 95.6045467217615,
            "min": 0,
            "med": 168.491588,
            "max": 428.602065,
            "p(90)": 194.27292440000002,
            "p(95)": 203.48772685
        },
        "journey_errors": {
            "count": 3134,
            "rate": 103.98565001666282
        },
        "login_duration": {
            "max": 429,
            "p(90)": 194,
            "p(95)": 204,
            "avg": 95.85035098915124,
            "min": 0,
            "med": 168,
            "thresholds": {
                "p(95)<2000": false
            }
        },
        "vus_max": {
            "max": 10,
            "value": 10,
            "min": 10
        },
        "http_req_connecting": {
            "max": 1.334868,
            "p(90)": 0.11239100000000002,
            "p(95)": 0.16208899999999998,
            "avg": 0.055042503509891476,
            "min": 0,
            "med": 0.051211
        },
        "http_req_duration": {
            "min": 0,
            "med": 168.5538135,
            "max": 428.746838,
            "p(90)": 194.47660440000004,
            "p(95)": 203.55248755,
            "avg": 95.66015222846204,
            "thresholds": {
                "p(95)<2000": false
            }
        },
        "journey_error_rate": {
            "passes": 3134,
            "fails": 0,
            "thresholds": {
                "rate<0.05": true
            },
            "value": 1
        },
        "data_received": {
            "count": 3521820,
            "rate": 116853.45945809937
        },
        "iteration_duration": {
            "max": 429.107095,
            "p(90)": 194.73896670000002,
            "p(95)": 203.78524134999998,
            "avg": 95.9087992358009,
            "min": 0.200304,
            "med": 168.8383445
        },
        "http_req_tls_handshaking": {
            "avg": 0,
            "min": 0,
            "med": 0,
            "max": 0,
            "p(90)": 0,
            "p(95)": 0
        },
        "http_req_sending": {
            "p(95)": 0.036985,
            "avg": 0.023278949585194646,
            "min": 0,
            "med": 0.0179555,
            "max": 1.251277,
            "p(90)": 0.029485000000000004
        },
        "http_req_blocked": {
            "p(95)": 0.2252529999999997,
            "avg": 0.07736056764518175,
            "min": 0.00131,
            "med": 0.073847,
            "max": 1.365529,
            "p(90)": 0.16349300000000003
        },
        "checks": {
            "passes": 0,
            "fails": 3134,
            "value": 0
        },
        "group_duration": {
            "avg": 95.89067902999368,
            "min": 0.189284,
            "med": 168.8278145,
            "max": 429.077755,
            "p(90)": 194.7277937,
            "p(95)": 203.7714052
        },
        "http_req_failed": {
            "passes": 3134,
            "fails": 0,
            "value": 1
        },
        "ws_message_latency": {
            "avg": 0,
            "min": 0,
            "med": 0,
            "max": 0,
            "p(90)": 0,
            "p(95)": 0,
            "thresholds": {
                "p(95)<200": false,
                "p(99)<500": false
            }
        },
        "http_reqs": {
            "count": 3134,
            "rate": 103.98565001666282
        },
        "message_send_duration": {
            "p(95)": 0,
            "avg": 0,
            "min": 0,
            "med": 0,
            "max": 0,
            "p(90)": 0,
            "thresholds": {
                "p(95)<500": false
            }
        },
        "vus": {
            "value": 10,
            "min": 10,
            "max": 10
        },
        "http_req_receiving": {
            "p(90)": 0.06726270000000001,
            "p(95)": 0.0840025,
            "avg": 0.03232655711550736,
            "min": 0,
            "med": 0.01789,
            "max": 2.914033
        }
    }
}