{
    "root_group": {
        "name": "",
        "path": "",
        "id": "d41d8cd98f00b204e9800998ecf8427e",
        "groups": {},
        "checks": {}
    },
    "metrics": {
        "http_req_duration": {
            "p(90)": 338.92248070000005,
            "p(95)": 454.5669191999997,
            "avg": 255.7085744687088,
            "min": 101.98392,
            "med": 228.331729,
            "max": 1663.031391,
            "thresholds": {
                "p(95)<3000": false
            }
        },
        "http_req_tls_handshaking": {
            "max": 0,
            "p(90)": 0,
            "p(95)": 0,
            "avg": 0,
            "min": 0,
            "med": 0
        },
        "voice_upload_duration": {
            "avg": 0,
            "min": 0,
            "med": 0,
            "max": 0,
            "p(90)": 0,
            "p(95)": 0,
            "thresholds": {
                "p(95)<2000": false,
                "p(99)<4000": false
            }
        },
        "http_req_blocked": {
            "avg": 0.221029853630802,
            "min": 0.068572,
            "med": 0.191075,
            "max": 8.384531,
            "p(90)": 0.285563,
            "p(95)": 0.38245314999999985
        },
        "search_errors": {
            "count": 15001,
            "rate": 49.96818283818915
        },
        "scheduled_crud_duration": {
            "avg": 0,
            "min": 0,
            "med": 0,
            "max": 0,
            "p(90)": 0,
            "p(95)": 0,
            "thresholds": {
                "p(95)<300": false,
                "p(99)<500": false
            }
        },
        "iterations": {
            "count": 25504,
            "rate": 84.95357210220493
        },
        "iteration_duration": {
            "max": 1663.463031,
            "p(90)": 339.2381977,
            "p(95)": 454.91461639999966,
            "avg": 256.0714209873349,
            "min": 102.548742,
            "med": 228.6812435
        },
        "http_req_sending": {
            "max": 8.32145,
            "p(90)": 0.06767900000000002,
            "p(95)": 0.07667049999999999,
            "avg": 0.05304612143193206,
            "min": 0.01205,
            "med": 0.048901
        },
        "upload_errors": {
            "count": 9002,
            "rate": 29.985573089085978
        },
        "data_received": {
            "count": 56848416,
            "rate": 189361.5122158148
        },
        "http_req_waiting": {
            "min": 101.810177,
            "med": 228.24437749999998,
            "max": 1662.920298,
            "p(90)": 338.83251090000005,
            "p(95)": 454.47222969999973,
            "avg": 255.60962304450445
        },
        "http_req_receiving": {
            "min": 0.01247,
            "med": 0.034121,
            "max": 8.133355,
            "p(90)": 0.0742887,
            "p(95)": 0.09136149999999989,
            "avg": 0.045905302776034836
        },
        "http_req_connecting": {
            "max": 6.00122,
            "p(90)": 0.20390100000000005,
            "p(95)": 0.28710234999999995,
            "avg": 0.16007749384410241,
            "min": 0.044381,
            "med": 0.133582
        },
        "data_sent": {
            "rate": 17046.065483318274,
            "count": 5117417
        },
        "vus": {
            "value": 20,
            "min": 10,
            "max": 104
        },
        "http_req_failed": {
            "passes": 25504,
            "fails": 0,
            "value": 1
        },
        "http_reqs": {
            "rate": 84.95357210220493,
            "count": 25504
        },
        "crud_errors": {
            "count": 1501,
            "rate": 4.9998161749298
        },
        "gif_search_duration": {
            "min": 0,
            "med": 0,
            "max": 0,
            "p(90)": 0,
            "p(95)": 0,
            "avg": 0,
            "thresholds": {
                "p(95)<500": false,
                "p(99)<1000": false
            }
        },
        "vus_max": {
            "value": 270,
            "min": 270,
            "max": 270
        },
        "file_upload_duration": {
            "avg": 0,
            "min": 0,
            "med": 0,
            "max": 0,
            "p(90)": 0,
            "p(95)": 0,
            "thresholds": {
                "p(95)<3000": false,
                "p(99)<5000": false
            }
        },
        "rich_media_error_rate": {
            "passes": 25504,
            "fails": 0,
            "thresholds": {
                "rate<0.05": true
            },
            "value": 1
        }
    }
}