{
    "root_group": {
        "name": "",
        "path": "",
        "id": "d41d8cd98f00b204e9800998ecf8427e",
        "groups": {},
        "checks": {}
    },
    "metrics": {
        "http_req_tls_handshaking": {
            "max": 0,
            "p(90)": 0,
            "p(95)": 0,
            "avg": 0,
            "min": 0,
            "med": 0
        },
        "http_req_sending": {
            "avg": 0.0832560793525419,
            "min": 0,
            "med": 0.01821,
            "max": 32.203461,
            "p(90)": 0.10664800000000006,
            "p(95)": 0.28187459999999986
        },
        "http_req_blocked": {
            "med": 0.086832,
            "max": 32.668701,
            "p(90)": 0.6058432000000004,
            "p(95)": 1.277217999999996,
            "avg": 0.28201456391768664,
            "min": 0.00105
        },
        "data_received": {
            "count": 145801119,
            "rate": 485800.5072938921
        },
        "ws_active_connections": {
            "value": 0,
            "min": 0,
            "max": 0,
            "thresholds": {
                "value>0": true
            }
        },
        "iteration_duration": {
            "p(90)": 1009.0883060000001,
            "p(95)": 1051.638671,
            "avg": 435.07810009056954,
            "min": 0.135763,
            "med": 426.192392,
            "max": 3269.925827
        },
        "vus_max": {
            "value": 280,
            "min": 280,
            "max": 280
        },
        "ws_connect_duration": {
            "max": 0,
            "p(90)": 0,
            "p(95)": 0,
            "avg": 0,
            "min": 0,
            "med": 0,
            "thresholds": {
                "p(95)<2000": false,
                "p(99)<5000": false
            }
        },
        "ws_message_latency": {
            "avg": 0,
            "min": 0,
            "med": 0,
            "max": 0,
            "p(90)": 0,
            "p(95)": 0,
            "thresholds": {
                "p(95)<200": false,
                "p(99)<500": false
            }
        },
        "http_req_duration": {
            "avg": 434.4880569330944,
            "min": 0,
            "med": 425.436836,
            "max": 3268.598078,
            "p(90)": 1008.5375660000001,
            "p(95)": 1050.763968
        },
        "iterations": {
            "rate": 392.34587174449376,
            "count": 117753
        },
        "http_req_failed": {
            "passes": 117753,
            "fails": 0,
            "value": 1
        },
        "dropped_iterations": {
            "count": 48,
            "rate": 0.1599330959188785
        },
        "http_reqs": {
            "count": 117753,
            "rate": 392.34587174449376
        },
        "http_req_receiving": {
            "avg": 0.07698672354844657,
            "min": 0,
            "med": 0.02162,
            "max": 32.592429,
            "p(90)": 0.0574918,
            "p(95)": 0.15367359999999913
        },
        "data_sent": {
            "count": 23608955,
            "rate": 78663.60967832264
        },
        "http_req_waiting": {
            "min": 0,
            "med": 425.260567,
            "max": 3268.528007,
            "p(90)": 1008.3381074,
            "p(95)": 1050.5019504,
            "avg": 434.32781413019313
        },
        "http_req_connecting": {
            "p(90)": 0.5392152,
            "p(95)": 1.170067599999995,
            "avg": 0.24774103706062825,
            "min": 0,
            "med": 0.063221,
            "max": 28.327486
        },
        "vus": {
            "min": 2,
            "max": 279,
            "value": 2
        },
        "ws_errors": {
            "passes": 117753,
            "fails": 0,
            "thresholds": {
                "rate<0.05": true
            },
            "value": 1
        }
    }
}